UNASSIGNED,gs://rubberducks/ducksrubber/10-Pcs-pack-Cute-Animals-Bath-Toy-Colorful-Soft-Rubber-Float-Squeeze-Sound-Swimming-Water-Toy.jpg_220x220xz.jpg
UNASSIGNED,gs://rubberducks/ducksrubber/10-Pcs-pack-Cute-Animals-Bath-Toy-Colorful-Soft-Rubber-Float-Squeeze-Sound-Swimming-Water-Toy.jpg_220x220xz.jpg_.webp
UNASSIGNED,gs://rubberducks/ducksrubber/100pcs-lot-Squeaky-Rubber-Duck-Duckie-Bath-Toys-Baby-Shower-Water-Toys-for-baby-Children-Birthday.jpg_220x220xz.jpg
UNASSIGNED,gs://rubberducks/ducksrubber/100pcs-lot-Squeaky-Rubber-Duck-Duckie-Bath-Toys-Baby-Shower-Water-Toys-for-baby-Children-Birthday.jpg_220x220xz.jpg_.webp
UNASSIGNED,gs://rubberducks/ducksrubber/10CM-Baby-Bathing-Toys-Us-President-Trump-Fun-Rubber-Duck-Children-S-Bath-Shower-Waterfloating-Yellow.jpg_220x220xz.jpg
UNASSIGNED,gs://rubberducks/ducksrubber/10CM-Baby-Bathing-Toys-Us-President-Trump-Fun-Rubber-Duck-Children-S-Bath-Shower-Waterfloating-Yellow.jpg_220x220xz.jpg_.webp
UNASSIGNED,gs://rubberducks/ducksrubber/10PC-Squeezing-Call-Rubber-Rubber-Race-Squeaky-Ducks-Ducky-Baby-Shower-Birthday-Favors-Do-not-swallow.jpg_220x220xz.jpg
UNASSIGNED,gs://rubberducks/ducksrubber/10PC-Squeezing-Call-Rubber-Rubber-Race-Squeaky-Ducks-Ducky-Baby-Shower-Birthday-Favors-Do-not-swallow.jpg_220x220xz.jpg_.webp
UNASSIGNED,gs://rubberducks/ducksrubber/10Pcs-Set-Cute-Animals-Swimming-Water-Toys-For-Children-Soft-Rubber-Float-Squeeze-Sound-Squeaky-Bathing.jpg_220x220xz.jpg
UNASSIGNED,gs://rubberducks/ducksrubber/10Pcs-Set-Cute-Animals-Swimming-Water-Toys-For-Children-Soft-Rubber-Float-Squeeze-Sound-Squeaky-Bathing.jpg_220x220xz.jpg_.webp
UNASSIGNED,gs://rubberducks/ducksrubber/10Pcs-Shower-toys-duck-plastic-Duckie-Baby-5-7-years-One-Dozen-Gift-toy-Squeezing-Call.jpg_220x220xz.jpg
UNASSIGNED,gs://rubberducks/ducksrubber/10Pcs-Shower-toys-duck-plastic-Duckie-Baby-5-7-years-One-Dozen-Gift-toy-Squeezing-Call.jpg_220x220xz.jpg_.webp
UNASSIGNED,gs://rubberducks/ducksrubber/10pcs-lot-Cute-Baby-Kids-Squeaky-Rubber-Ducks-Bath-Bathe-Room-Water-Fun-Game-Playing-Newborn.jpg_220x220xz.jpg
UNASSIGNED,gs://rubberducks/ducksrubber/10pcs-lot-Cute-Baby-Kids-Squeaky-Rubber-Ducks-Bath-Bathe-Room-Water-Fun-Game-Playing-Newborn.jpg_220x220xz.jpg_.webp
UNASSIGNED,gs://rubberducks/ducksrubber/10pcs-lot-Drink-Float-Water-Swimming-Child-s-Play-Mouth-Mini-Small-Yellow-Rubber-Duck-Educational.jpg_220x220xz.jpg
UNASSIGNED,gs://rubberducks/ducksrubber/10pcs-lot-Drink-Float-Water-Swimming-Child-s-Play-Mouth-Mini-Small-Yellow-Rubber-Duck-Educational.jpg_220x220xz.jpg_.webp
UNASSIGNED,gs://rubberducks/ducksrubber/10pcs-set-Baby-Bath-Rubber-Duck-Duckie-Baby-Shower-Water-Toys-Swimming-Pool-Floating-Squeaky-Rubber.jpg_220x220xz.jpg
UNASSIGNED,gs://rubberducks/ducksrubber/10pcs-set-Baby-Bath-Rubber-Duck-Duckie-Baby-Shower-Water-Toys-Swimming-Pool-Floating-Squeaky-Rubber.jpg_220x220xz.jpg_.webp
UNASSIGNED,gs://rubberducks/ducksrubber/11cm-Baby-Rubber-Race-Squeaky-Duck-Bath-Toys-for-Children-Fun-Educational-Musical-Big-Yellow-Duck.jpg_220x220xz.jpg
UNASSIGNED,gs://rubberducks/ducksrubber/11cm-Baby-Rubber-Race-Squeaky-Duck-Bath-Toys-for-Children-Fun-Educational-Musical-Big-Yellow-Duck.jpg_220x220xz.jpg_.webp
UNASSIGNED,gs://rubberducks/ducksrubber/12pc-One-Dozen-Rubber-Duck-Baby-Shower-Toys-Ducky-Duckie-Baby-Shower-Birthday-Favors-Decoration-Do.jpg_220x220xz.jpg
UNASSIGNED,gs://rubberducks/ducksrubber/12pc-One-Dozen-Rubber-Duck-Baby-Shower-Toys-Ducky-Duckie-Baby-Shower-Birthday-Favors-Decoration-Do.jpg_220x220xz.jpg_.webp
UNASSIGNED,gs://rubberducks/ducksrubber/13PCS-Set-Mixed-Animals-Swimming-Water-Toys-Soft-Floating-Rubber-Duck-Squeeze-Sound-Squeaky-Bathing-Toy.jpg_220x220xz.jpg
UNASSIGNED,gs://rubberducks/ducksrubber/13PCS-Set-Mixed-Animals-Swimming-Water-Toys-Soft-Floating-Rubber-Duck-Squeeze-Sound-Squeaky-Bathing-Toy.jpg_220x220xz.jpg_.webp
UNASSIGNED,gs://rubberducks/ducksrubber/1PC-Baby-Cute-Animals-Bath-Toy-Swimming-Water-Toys-Soft-Rubber-Float-Squeeze-Sound-Kids-Wash.jpg_220x220xz.jpg
UNASSIGNED,gs://rubberducks/ducksrubber/1PC-Baby-Cute-Animals-Bath-Toy-Swimming-Water-Toys-Soft-Rubber-Float-Squeeze-Sound-Kids-Wash.jpg_220x220xz.jpg_.webp
UNASSIGNED,gs://rubberducks/ducksrubber/1PCS-Baby-Bath-Toys-Soft-Rubber-Duck-Squeeze-Sound-Float-Animals-Bathroom-Swimming-Water-Toys-for.jpg_220x220xz.jpg
UNASSIGNED,gs://rubberducks/ducksrubber/1PCS-Baby-Bath-Toys-Soft-Rubber-Duck-Squeeze-Sound-Float-Animals-Bathroom-Swimming-Water-Toys-for.jpg_220x220xz.jpg_.webp
UNASSIGNED,gs://rubberducks/ducksrubber/1Pc-Cute-Helmet-Little-Yellow-Duck-with-Glue-Rubber-Duck-Kids-Accessories-Room-Car-Baby-Shark.jpg_220x220xz.jpg
UNASSIGNED,gs://rubberducks/ducksrubber/1Pc-Cute-Helmet-Little-Yellow-Duck-with-Glue-Rubber-Duck-Kids-Accessories-Room-Car-Baby-Shark.jpg_220x220xz.jpg_.webp
UNASSIGNED,gs://rubberducks/ducksrubber/1Pcs-Yellow-Duck-With-Helmet-Propeller-Rubber-Windbreaker-Duck-Squeeze-Sound-Car-Internal-Dashboard-Decoration-Child.jpg_220x220xz.jpg
UNASSIGNED,gs://rubberducks/ducksrubber/1Pcs-Yellow-Duck-With-Helmet-Propeller-Rubber-Windbreaker-Duck-Squeeze-Sound-Car-Internal-Dashboard-Decoration-Child.jpg_220x220xz.jpg_.webp
UNASSIGNED,gs://rubberducks/ducksrubber/20-50pcs-Cute-Mini-Yellow-Rubber-Ducks-Bathing-Floating-Ducky-Baby-Shower-Toys-Swim-Pool-Bathing.jpg_220x220xz.jpg
UNASSIGNED,gs://rubberducks/ducksrubber/20-50pcs-Cute-Mini-Yellow-Rubber-Ducks-Bathing-Floating-Ducky-Baby-Shower-Toys-Swim-Pool-Bathing.jpg_220x220xz.jpg_.webp
UNASSIGNED,gs://rubberducks/ducksrubber/2021-Cute-Lovely-Mummy-And-Baby-Rubber-Race-Squeaky-Ducks-Family-Bath-Toy-Kid-Game-Toys.jpg_220x220xz.jpg
UNASSIGNED,gs://rubberducks/ducksrubber/2021-Cute-Lovely-Mummy-And-Baby-Rubber-Race-Squeaky-Ducks-Family-Bath-Toy-Kid-Game-Toys.jpg_220x220xz.jpg_.webp
UNASSIGNED,gs://rubberducks/ducksrubber/24pcs-lot-Kawaii-Mini-Colorful-Rubber-Float-Squeaky-Sound-Duck-Bath-Toy-Baby-Bathroom-Water-Pool.jpg_220x220xz.jpg
UNASSIGNED,gs://rubberducks/ducksrubber/24pcs-lot-Kawaii-Mini-Colorful-Rubber-Float-Squeaky-Sound-Duck-Bath-Toy-Baby-Bathroom-Water-Pool.jpg_220x220xz.jpg_.webp
UNASSIGNED,gs://rubberducks/ducksrubber/4PCS-Baby-Toys-Water-Floating-Children-Water-Toys-Yellow-Rubber-Duck-Ducky-Baby-Bath-Toy-for.jpg_220x220xz.jpg
UNASSIGNED,gs://rubberducks/ducksrubber/4PCS-Baby-Toys-Water-Floating-Children-Water-Toys-Yellow-Rubber-Duck-Ducky-Baby-Bath-Toy-for.jpg_220x220xz.jpg_.webp
UNASSIGNED,gs://rubberducks/ducksrubber/4pcs-set-Squeeze-Sound-Squeaky-Pool-Baby-Toy-Water-Floating-Children-Water-Toys-Yellow-Rubber-Duck.jpg_220x220xz.jpg
UNASSIGNED,gs://rubberducks/ducksrubber/4pcs-set-Squeeze-Sound-Squeaky-Pool-Baby-Toy-Water-Floating-Children-Water-Toys-Yellow-Rubber-Duck.jpg_220x220xz.jpg_.webp
UNASSIGNED,gs://rubberducks/ducksrubber/4pcs-set-Squeeze-sounding-Dabbling-Toy-Mummy-Baby-Rubber-Squeaky-Ducks-Toy-Family-Bathing-Shower-Toys.jpg_220x220xz.jpg
UNASSIGNED,gs://rubberducks/ducksrubber/4pcs-set-Squeeze-sounding-Dabbling-Toy-Mummy-Baby-Rubber-Squeaky-Ducks-Toy-Family-Bathing-Shower-Toys.jpg_220x220xz.jpg_.webp
UNASSIGNED,gs://rubberducks/ducksrubber/5Pcs-pack-cartoon-animal-fish-bath-toys-colorful-soft-rubber-playing-swimming-water-toys-for-baby.jpg_220x220xz.jpg
UNASSIGNED,gs://rubberducks/ducksrubber/5Pcs-pack-cartoon-animal-fish-bath-toys-colorful-soft-rubber-playing-swimming-water-toys-for-baby.jpg_220x220xz.jpg_.webp
UNASSIGNED,gs://rubberducks/ducksrubber/5Pcs-set-kids-Floating-Bath-Toys-Mini-Swimming-Rings-Rubber-Yellow-Ducks-Fishing-Net-Washing-Swimming.jpg_220x220xz.jpg
UNASSIGNED,gs://rubberducks/ducksrubber/5Pcs-set-kids-Floating-Bath-Toys-Mini-Swimming-Rings-Rubber-Yellow-Ducks-Fishing-Net-Washing-Swimming.jpg_220x220xz.jpg_.webp
UNASSIGNED,gs://rubberducks/ducksrubber/6-Pcs-Cute-Animals-Swimming-Water-Toys-LED-Water-Sensor-Luminous-Duck-Colorful-Soft-Floating-Rubber.jpg_220x220xz.jpg
UNASSIGNED,gs://rubberducks/ducksrubber/6-Pcs-Cute-Animals-Swimming-Water-Toys-LED-Water-Sensor-Luminous-Duck-Colorful-Soft-Floating-Rubber.jpg_220x220xz.jpg_.webp
UNASSIGNED,gs://rubberducks/ducksrubber/6pcs-Colorful-Duck-Children-Water-Bath-Toys-Kids-Float-Squeeze-Sound-Rubber-Beach-Swimming-Pool-Baby.jpg_220x220xz.jpg
UNASSIGNED,gs://rubberducks/ducksrubber/6pcs-Colorful-Duck-Children-Water-Bath-Toys-Kids-Float-Squeeze-Sound-Rubber-Beach-Swimming-Pool-Baby.jpg_220x220xz.jpg_.webp
UNASSIGNED,gs://rubberducks/ducksrubber/6pcs-lot-Cartoon-Float-Water-Swimming-Child-s-Play-Mouth-Mini-Small-Yellow-Rubber-Duck-Educational.jpg_220x220xz.jpg
UNASSIGNED,gs://rubberducks/ducksrubber/6pcs-lot-Cartoon-Float-Water-Swimming-Child-s-Play-Mouth-Mini-Small-Yellow-Rubber-Duck-Educational.jpg_220x220xz.jpg_.webp
UNASSIGNED,gs://rubberducks/ducksrubber/Baby-Bath-Toys-Us-President-Trump-Funny-Rubber-Duck-Sound-Squeaky-Bathly-Shower-Waterfloating-Yellow-Duck.jpg_220x220xz.jpg
UNASSIGNED,gs://rubberducks/ducksrubber/Baby-Bath-Toys-Us-President-Trump-Funny-Rubber-Duck-Sound-Squeaky-Bathly-Shower-Waterfloating-Yellow-Duck.jpg_220x220xz.jpg_.webp
UNASSIGNED,gs://rubberducks/ducksrubber/Baby-Bath-Toys-Water-Game-Faucet-Shower-Rubber-Duck-Waterwheel-Dabbling-Water-Spray-Set-For-Kids.jpg_220x220xz.jpg
UNASSIGNED,gs://rubberducks/ducksrubber/Baby-Bath-Toys-Water-Game-Faucet-Shower-Rubber-Duck-Waterwheel-Dabbling-Water-Spray-Set-For-Kids.jpg_220x220xz.jpg_.webp
UNASSIGNED,gs://rubberducks/ducksrubber/BalleenShiny-Baby-Toys-Mini-Yellow-Rubber-Ducks-Rubber-Ducky-Flashing-Light-Toy-Ducky-Baby-Educational-Toy.jpg_220x220xz.jpg
UNASSIGNED,gs://rubberducks/ducksrubber/BalleenShiny-Baby-Toys-Mini-Yellow-Rubber-Ducks-Rubber-Ducky-Flashing-Light-Toy-Ducky-Baby-Educational-Toy.jpg_220x220xz.jpg_.webp
UNASSIGNED,gs://rubberducks/ducksrubber/Bicycle-Horn-Cute-Little-Yellow-Duck-Night-Warning-Light-Children-s-Rubber-Duck-Toy-Mountain-Bike.jpg_220x220xz.jpg
UNASSIGNED,gs://rubberducks/ducksrubber/Bicycle-Horn-Cute-Little-Yellow-Duck-Night-Warning-Light-Children-s-Rubber-Duck-Toy-Mountain-Bike.jpg_220x220xz.jpg_.webp
UNASSIGNED,gs://rubberducks/ducksrubber/Car-Decorations-Duck-With-Helmet-Propeller-Rubber-Cool-Glasses-Duck-for-Car-Styling-Bike-or-Motorcycle.jpg_220x220xz.jpg
UNASSIGNED,gs://rubberducks/ducksrubber/Car-Decorations-Duck-With-Helmet-Propeller-Rubber-Cool-Glasses-Duck-for-Car-Styling-Bike-or-Motorcycle.jpg_220x220xz.jpg_.webp
UNASSIGNED,gs://rubberducks/ducksrubber/Car-Ornament-Duck-With-Helmet-Propeller-Rubber-Cool-Glasses-Duck-for-Car-Styling-Bike-or-Motorcycle.jpg_220x220xz.jpg
UNASSIGNED,gs://rubberducks/ducksrubber/Car-Ornament-Duck-With-Helmet-Propeller-Rubber-Cool-Glasses-Duck-for-Car-Styling-Bike-or-Motorcycle.jpg_220x220xz.jpg_.webp
UNASSIGNED,gs://rubberducks/ducksrubber/Cute-Little-Yellow-Duck-With-Helmet-Propeller-And-Chain-Rubber-Duck-Squeeze-Car-Internal-Dashboard-Decoration.jpg_220x220xz.jpg
UNASSIGNED,gs://rubberducks/ducksrubber/Cute-Little-Yellow-Duck-With-Helmet-Propeller-And-Chain-Rubber-Duck-Squeeze-Car-Internal-Dashboard-Decoration.jpg_220x220xz.jpg_.webp
UNASSIGNED,gs://rubberducks/ducksrubber/Cute-Little-Yellow-Duck-With-Helmet-Propeller-Rubber-Windbreaker-Duck-Squeeze-Sound-Internal-Car-Decoration-Child.jpg_220x220xz.jpg
UNASSIGNED,gs://rubberducks/ducksrubber/Cute-Little-Yellow-Duck-With-Helmet-Propeller-Rubber-Windbreaker-Duck-Squeeze-Sound-Internal-Car-Decoration-Child.jpg_220x220xz.jpg_.webp
UNASSIGNED,gs://rubberducks/ducksrubber/Cute-Little-Yellow-Duck-With-Helmet-Propeller-Rubber-Windbreaker-Duck-Squeeze-Sound-Internal-Car-Decoration-Ornaments.jpg_220x220xz.jpg
UNASSIGNED,gs://rubberducks/ducksrubber/Cute-Little-Yellow-Duck-With-Helmet-Propeller-Rubber-Windbreaker-Duck-Squeeze-Sound-Internal-Car-Decoration-Ornaments.jpg_220x220xz.jpg_.webp
UNASSIGNED,gs://rubberducks/ducksrubber/Cute-Rubber-Duck-Toy-Car-Ornaments-Wind-breaking-Helmet-mounted-Yellow-Duck-Car-Decoration-Automobiles-Interiors.jpg_220x220xz.jpg
UNASSIGNED,gs://rubberducks/ducksrubber/Cute-Rubber-Duck-Toy-Car-Ornaments-Wind-breaking-Helmet-mounted-Yellow-Duck-Car-Decoration-Automobiles-Interiors.jpg_220x220xz.jpg_.webp
UNASSIGNED,gs://rubberducks/ducksrubber/Duck-Toy-Car-Ornaments-Yellow-Duck-with-Propeller-Helmet-Car-Dashboard-Decor-Squeaking-Glowing-Rubber-Duck.jpg_220x220xz.jpg
UNASSIGNED,gs://rubberducks/ducksrubber/Duck-Toy-Car-Ornaments-Yellow-Duck-with-Propeller-Helmet-Car-Dashboard-Decor-Squeaking-Glowing-Rubber-Duck.jpg_220x220xz.jpg_.webp
UNASSIGNED,gs://rubberducks/ducksrubber/Funny-Car-Ornaments-Little-Flying-Duck-Helmet-Propeller-Rubber-Material-Could-Scream-Spin-and-Glow-Car.jpg_220x220xz.jpg
UNASSIGNED,gs://rubberducks/ducksrubber/Funny-Car-Ornaments-Little-Flying-Duck-Helmet-Propeller-Rubber-Material-Could-Scream-Spin-and-Glow-Car.jpg_220x220xz.jpg_.webp
UNASSIGNED,gs://rubberducks/ducksrubber/Kids-Baby-Water-Toys-For-Bathroom-Lovely-Singing-Ducks-Baby-Bath-Toys-Baby-Rubber-Race-Squeaky.jpg_220x220xz.jpg
UNASSIGNED,gs://rubberducks/ducksrubber/Kids-Baby-Water-Toys-For-Bathroom-Lovely-Singing-Ducks-Baby-Bath-Toys-Baby-Rubber-Race-Squeaky.jpg_220x220xz.jpg_.webp
UNASSIGNED,gs://rubberducks/ducksrubber/Kids-Floating-Bath-Toys-5Pcs-set-Toddler-Kids-Mini-Swimming-Rings-Rubber-Yellow-Ducks-Fishing-Net.jpg_220x220xz.jpg
UNASSIGNED,gs://rubberducks/ducksrubber/Kids-Floating-Bath-Toys-5Pcs-set-Toddler-Kids-Mini-Swimming-Rings-Rubber-Yellow-Ducks-Fishing-Net.jpg_220x220xz.jpg_.webp
UNASSIGNED,gs://rubberducks/ducksrubber/LED-Flashing-Light-Rubber-Floating-Duck-Bathtub-Shower-Toy-For-Kids-Children-AXYA.jpg_220x220xz.jpg
UNASSIGNED,gs://rubberducks/ducksrubber/LED-Flashing-Light-Rubber-Floating-Duck-Bathtub-Shower-Toy-For-Kids-Children-AXYA.jpg_220x220xz.jpg_.webp
UNASSIGNED,gs://rubberducks/ducksrubber/LED-Water-Sensor-Luminous-Duck-Floating-Animal-Duck-Floating-Flashing-In-The-Water-Rubber-Duck-Baby.jpg_220x220xz.jpg
UNASSIGNED,gs://rubberducks/ducksrubber/LED-Water-Sensor-Luminous-Duck-Floating-Animal-Duck-Floating-Flashing-In-The-Water-Rubber-Duck-Baby.jpg_220x220xz.jpg_.webp
UNASSIGNED,gs://rubberducks/ducksrubber/New-Cute-Rubber-Duck-Bath-Flashing-Light-Toy-Duck-Baby-Shower-Bathroom-Toys-Multi-Color-LED.jpg_220x220xz.jpg
UNASSIGNED,gs://rubberducks/ducksrubber/New-Cute-Rubber-Duck-Bath-Flashing-Light-Toy-Duck-Baby-Shower-Bathroom-Toys-Multi-Color-LED.jpg_220x220xz.jpg_.webp
UNASSIGNED,gs://rubberducks/ducksrubber/New-One-Dozen-12-Rubber-Duck-Ducky-Duckie-Baby-Shower-Birthday-Favors-Kawaii-Baby-Bath-Toys.jpg_220x220xz.jpg
UNASSIGNED,gs://rubberducks/ducksrubber/New-One-Dozen-12-Rubber-Duck-Ducky-Duckie-Baby-Shower-Birthday-Favors-Kawaii-Baby-Bath-Toys.jpg_220x220xz.jpg_.webp
UNASSIGNED,gs://rubberducks/ducksrubber/New-Water-Toy-Shower-Duck-Child-Bath-Float-Toy-Cartoon-Trump-Duck-Bath-Shower-Water-Floating.jpg_220x220xz.jpg
UNASSIGNED,gs://rubberducks/ducksrubber/New-Water-Toy-Shower-Duck-Child-Bath-Float-Toy-Cartoon-Trump-Duck-Bath-Shower-Water-Floating.jpg_220x220xz.jpg_.webp
UNASSIGNED,gs://rubberducks/ducksrubber/One-Big-Three-Little-Ducks-Bathroom-Family-Baby-Bath-Toys-Rubber-Racing-Duck-Squeezes-Sounding-Playing.jpg_220x220xz.jpg
UNASSIGNED,gs://rubberducks/ducksrubber/One-Big-Three-Little-Ducks-Bathroom-Family-Baby-Bath-Toys-Rubber-Racing-Duck-Squeezes-Sounding-Playing.jpg_220x220xz.jpg_.webp
UNASSIGNED,gs://rubberducks/ducksrubber/One-Dozen-12-Rubber-Duck-Ducky-Duckie-Baby-Shower-Birthday-Favors-Baby-Shower-Water-Toys-For.jpg_220x220xz.jpg
UNASSIGNED,gs://rubberducks/ducksrubber/One-Dozen-12-Rubber-Duck-Ducky-Duckie-Baby-Shower-Birthday-Favors-Baby-Shower-Water-Toys-For.jpg_220x220xz.jpg_.webp
UNASSIGNED,gs://rubberducks/ducksrubber/Random-5-pcs-Lovely-Mini-Animals-Duck-Water-Toys-Colorful-Soft-Rubber-Float-Squeeze-Sound-Squeaky.jpg_220x220xz.jpg
UNASSIGNED,gs://rubberducks/ducksrubber/Random-5-pcs-Lovely-Mini-Animals-Duck-Water-Toys-Colorful-Soft-Rubber-Float-Squeeze-Sound-Squeaky.jpg_220x220xz.jpg_.webp
UNASSIGNED,gs://rubberducks/ducksrubber/Rubber-Duck-Baby-Shower-Water-BB-Bathing-toys-for-baby-kids-children-Birthday-Duck-Baby-Bathing.jpg_220x220xz.jpg
UNASSIGNED,gs://rubberducks/ducksrubber/Rubber-Duck-Baby-Shower-Water-BB-Bathing-toys-for-baby-kids-children-Birthday-Duck-Baby-Bathing.jpg_220x220xz.jpg_.webp
UNASSIGNED,gs://rubberducks/ducksrubber/Rubber-Duck-Toy-Car-Ornaments-Yellow-Duck-Car-Dashboard-Decorations-with-Propell.jpg_220x220xz.jpg
UNASSIGNED,gs://rubberducks/ducksrubber/Rubber-Duck-Toy-Car-Ornaments-Yellow-Duck-Car-Dashboard-Decorations-with-Propell.jpg_220x220xz.jpg_.webp
UNASSIGNED,gs://rubberducks/ducksrubber/Rubber-Duck-Toy-Car-Ornaments-Yellow-Duck-Car-Dashboard-Decorations-with-Propell0.jpg_220x220xz.jpg
UNASSIGNED,gs://rubberducks/ducksrubber/Rubber-Duck-Toy-Car-Ornaments-Yellow-Duck-Car-Dashboard-Decorations-with-Propell0.jpg_220x220xz.jpg_.webp
UNASSIGNED,gs://rubberducks/ducksrubber/Rubber-Duck-Toy-Car-Ornaments-Yellow-Duck-Car-Dashboard-Decorations-with-Propeller-Helmet-for-Adults-Kids.jpg_220x220xz.jpg
UNASSIGNED,gs://rubberducks/ducksrubber/Rubber-Duck-Toy-Car-Ornaments-Yellow-Duck-Car-Dashboard-Decorations-with-Propeller-Helmet-for-Adults-Kids.jpg_220x220xz.jpg_.webp
UNASSIGNED,gs://rubberducks/ducksrubber/Rubber-Duck-Toy-Car-Ornaments-Yellow-Duck-with-Propeller-Helmet-Car-Dashboard-Decor-Squeaking-Glowing-Duck.jpg_220x220xz.jpg
UNASSIGNED,gs://rubberducks/ducksrubber/Rubber-Duck-Toy-Car-Ornaments-Yellow-Duck-with-Propeller-Helmet-Car-Dashboard-Decor-Squeaking-Glowing-Duck.jpg_220x220xz.jpg_.webp
UNASSIGNED,gs://rubberducks/ducksrubber/Set-of-6-Holiday-Rubber-Squeaky-Duck-Ducks-Duckys-Duckies-Kids-Children-Baby-Shower-Bath-Bathing.jpg_220x220xz.jpg
UNASSIGNED,gs://rubberducks/ducksrubber/Set-of-6-Holiday-Rubber-Squeaky-Duck-Ducks-Duckys-Duckies-Kids-Children-Baby-Shower-Bath-Bathing.jpg_220x220xz.jpg_.webp
UNASSIGNED,gs://rubberducks/ducksrubber/Small-Animal-Baby-Bath-Toy-Water-Squeeze-Sounding-Dabbling-Soft-Rubber-Duck-Kids-Duckling-Toys-for.jpg_220x220xz.jpg
UNASSIGNED,gs://rubberducks/ducksrubber/Small-Animal-Baby-Bath-Toy-Water-Squeeze-Sounding-Dabbling-Soft-Rubber-Duck-Kids-Duckling-Toys-for.jpg_220x220xz.jpg_.webp
UNASSIGNED,gs://rubberducks/ducksrubber/TOYZHIJIA-12pcs-Mini-Colorful-Rubber-Float-Squeaky-Sound-Duck-Bath-Toy-Baby-Bathroom-Water-Pool-Funny.jpg_220x220xz.jpg
UNASSIGNED,gs://rubberducks/ducksrubber/TOYZHIJIA-12pcs-Mini-Colorful-Rubber-Float-Squeaky-Sound-Duck-Bath-Toy-Baby-Bathroom-Water-Pool-Funny.jpg_220x220xz.jpg_.webp
UNASSIGNED,gs://rubberducks/ducksrubber/Yellow-Rubber-Duck-Water-Floating-Children-Water-Toys-Squeeze-Sound-Squeaky-Pool-Ducky-Baby-Bath-Toy.jpg_220x220xz.jpg
UNASSIGNED,gs://rubberducks/ducksrubber/Yellow-Rubber-Duck-Water-Floating-Children-Water-Toys-Squeeze-Sound-Squeaky-Pool-Ducky-Baby-Bath-Toy.jpg_220x220xz.jpg_.webp
UNASSIGNED,gs://rubberducks/ducksrubber/ZK40-Cute-Yellow-Duck-With-Helmet-Propeller-Rubber-Car-Ornaments-Duck-Squeeze-Sound-Internal-Car-Decoration.jpg_220x220xz.jpg
UNASSIGNED,gs://rubberducks/ducksrubber/ZK40-Cute-Yellow-Duck-With-Helmet-Propeller-Rubber-Car-Ornaments-Duck-Squeeze-Sound-Internal-Car-Decoration.jpg_220x220xz.jpg_.webp
UNASSIGNED,gs://rubberducks/ducksrubber/baby-bath-isolated-on-white-picture-id171246336.jpg
UNASSIGNED,gs://rubberducks/ducksrubber/bath-rubber-duck-picture-id173028580.jpg
UNASSIGNED,gs://rubberducks/ducksrubber/bath-towels-and-rubber-duck-isolated-on-white-background-picture-id185002031.jpg
UNASSIGNED,gs://rubberducks/ducksrubber/bathtime-picture-id172911179.jpg
UNASSIGNED,gs://rubberducks/ducksrubber/blue-background-with-bubbles-and-a-rubber-duck-vector-id181296433.jpg
UNASSIGNED,gs://rubberducks/ducksrubber/box-full-of-toys-donations-picture-id171582532.jpg
UNASSIGNED,gs://rubberducks/ducksrubber/bright-yellow-rubber-duck-with-red-lips-vector-id166008456.jpg
UNASSIGNED,gs://rubberducks/ducksrubber/closeup-of-rubber-duck-over-white-background-picture-id773127719.jpg
UNASSIGNED,gs://rubberducks/ducksrubber/closeup-of-rubber-duck-over-white-background-picture-id964205066.jpg
UNASSIGNED,gs://rubberducks/ducksrubber/closeup-of-yellow-rubber-duck-over-blue-background-picture-id888173466.jpg
UNASSIGNED,gs://rubberducks/ducksrubber/closeup-of-yellow-toy-over-white-background-picture-id1205985235.jpg
UNASSIGNED,gs://rubberducks/ducksrubber/closeup-of-yellow-toy-over-white-background-rubber-duck-picture-id1214349748.jpg
UNASSIGNED,gs://rubberducks/ducksrubber/cute-looking-yellow-rubber-duck-picture-id182760814.jpg
UNASSIGNED,gs://rubberducks/ducksrubber/duck-face-vector-id1172037233.jpg
UNASSIGNED,gs://rubberducks/ducksrubber/duck-icon-vector-id639375682.jpg
UNASSIGNED,gs://rubberducks/ducksrubber/duckling-simple-vector-icon-vector-id1045035708.jpg
UNASSIGNED,gs://rubberducks/ducksrubber/floating-rubber-duck-picture-id633708679.jpg
UNASSIGNED,gs://rubberducks/ducksrubber/get-all-your-rubber-ducks-in-a-row-picture-id147800345.jpg
UNASSIGNED,gs://rubberducks/ducksrubber/girl-bathing-vector-id513040742.jpg
UNASSIGNED,gs://rubberducks/ducksrubber/high-angle-view-of-rubber-ducks-against-white-background-picture-id1166176952.jpg
UNASSIGNED,gs://rubberducks/ducksrubber/high-angle-view-of-stuffed-toy-over-white-background-picture-id1205985222.jpg
UNASSIGNED,gs://rubberducks/ducksrubber/high-angle-view-of-yellow-rubber-duck-on-pink-background-picture-id1187162598.jpg
UNASSIGNED,gs://rubberducks/ducksrubber/just-ducky-4-picture-id173551154.jpg
UNASSIGNED,gs://rubberducks/ducksrubber/just-ducky-6-picture-id173540955.jpg
UNASSIGNED,gs://rubberducks/ducksrubber/keeping-close-to-mother-duck-picture-id160473475.jpg
UNASSIGNED,gs://rubberducks/ducksrubber/large-group-of-yellow-rubber-toy-ducks-picture-id1155103294.jpg
UNASSIGNED,gs://rubberducks/ducksrubber/line-of-yellow-rubber-ducks-moving-in-an-orderly-line-with-one-yellow-picture-id1146598634.jpg
UNASSIGNED,gs://rubberducks/ducksrubber/line-of-yellow-rubber-ducks-moving-in-an-orderly-line-with-one-yellow-picture-id1146607508.jpg
UNASSIGNED,gs://rubberducks/ducksrubber/line-of-yellow-rubber-ducks-moving-in-an-orderly-line-with-one-yellow-picture-id1157710297.jpg
UNASSIGNED,gs://rubberducks/ducksrubber/many-rows-of-yellow-rubber-ducks-on-light-blue-background-picture-id163907250.jpg
UNASSIGNED,gs://rubberducks/ducksrubber/many-yellow-rubber-ducks-on-the-ground-and-on-towers-of-yellow-wooden-picture-id1131365521.jpg
UNASSIGNED,gs://rubberducks/ducksrubber/object-rubber-ducky-with-clipping-path-picture-id172151700.jpg
UNASSIGNED,gs://rubberducks/ducksrubber/one-out-unique-rubber-duck-concept-picture-id1058408878.jpg
UNASSIGNED,gs://rubberducks/ducksrubber/one-rubber-ducky-addressing-three-other-rubber-duckies-picture-id172155333.jpg
UNASSIGNED,gs://rubberducks/ducksrubber/oversized-yellow-plastic-duck-floating-on-water-against-cleat-sky-picture-id565796917.jpg
UNASSIGNED,gs://rubberducks/ducksrubber/pexels-andre-moura-2764989.jpg
UNASSIGNED,gs://rubberducks/ducksrubber/pexels-ann-h-592677.jpg
UNASSIGNED,gs://rubberducks/ducksrubber/pexels-anthony-132464.jpg
UNASSIGNED,gs://rubberducks/ducksrubber/pexels-armando-are-3759364.jpg
UNASSIGNED,gs://rubberducks/ducksrubber/pexels-designecologist-1751277.jpg
UNASSIGNED,gs://rubberducks/ducksrubber/pexels-george-becker-122308.jpg
UNASSIGNED,gs://rubberducks/ducksrubber/pexels-mahrael-boutros-2606219
UNASSIGNED,(1).jpg
UNASSIGNED,gs://rubberducks/ducksrubber/pexels-mahrael-boutros-2606219.jpg
UNASSIGNED,gs://rubberducks/ducksrubber/pexels-peng-louis-1444751
UNASSIGNED,(1).jpg
UNASSIGNED,gs://rubberducks/ducksrubber/pexels-peng-louis-1444751.jpg
UNASSIGNED,gs://rubberducks/ducksrubber/pexels-pixabay-106144.jpg
UNASSIGNED,gs://rubberducks/ducksrubber/quack-picture-id186820407.jpg
UNASSIGNED,gs://rubberducks/ducksrubber/rainbow-rubber-ducks-picture-id174831664.jpg
UNASSIGNED,gs://rubberducks/ducksrubber/realistic-vector-rubber-duck-vector-id1209700091.jpg
UNASSIGNED,gs://rubberducks/ducksrubber/rescue-and-assistance-concept-rubber-duck-drowning-and-floating-on-picture-id1015679838.jpg
UNASSIGNED,gs://rubberducks/ducksrubber/row-of-rubber-ducks-in-bubble-bath-picture-id77740431.jpg
UNASSIGNED,gs://rubberducks/ducksrubber/rubber-duck-and-ducklings-picture-id878149372.jpg
UNASSIGNED,gs://rubberducks/ducksrubber/rubber-duck-clipping-path-picture-id183034543.jpg
UNASSIGNED,gs://rubberducks/ducksrubber/rubber-duck-covered-in-soap-picture-id140167089.jpg
UNASSIGNED,gs://rubberducks/ducksrubber/rubber-duck-floating-in-bath-picture-id633708677.jpg
UNASSIGNED,gs://rubberducks/ducksrubber/rubber-duck-icon-flat-illustration-vector-id1069682322.jpg
UNASSIGNED,gs://rubberducks/ducksrubber/rubber-duck-icon-flat-vector-id930212696.jpg
UNASSIGNED,gs://rubberducks/ducksrubber/rubber-duck-isolated-transparent-background-vector-id1034428242.jpg
UNASSIGNED,gs://rubberducks/ducksrubber/rubber-duck-on-yellow-background-picture-id998368980.jpg
UNASSIGNED,gs://rubberducks/ducksrubber/rubber-duck-picture-id164922078.jpg
UNASSIGNED,gs://rubberducks/ducksrubber/rubber-duck-picture-id173194795.jpg
UNASSIGNED,gs://rubberducks/ducksrubber/rubber-duck-picture-id183415992.jpg
UNASSIGNED,gs://rubberducks/ducksrubber/rubber-duck-picture-id184336400.jpg
UNASSIGNED,gs://rubberducks/ducksrubber/rubber-duck-picture-id184360199.jpg
UNASSIGNED,gs://rubberducks/ducksrubber/rubber-duck-picture-id476147637.jpg
UNASSIGNED,gs://rubberducks/ducksrubber/rubber-duck-picture-id520757577.jpg
UNASSIGNED,gs://rubberducks/ducksrubber/rubber-duck-picture-id657125714.jpg
UNASSIGNED,gs://rubberducks/ducksrubber/rubber-duck-picture-id98325371.jpg
UNASSIGNED,gs://rubberducks/ducksrubber/rubber-duck-swimming-in-blue-water-positive-concept-picture-id479590908.jpg
UNASSIGNED,gs://rubberducks/ducksrubber/rubber-duck-vector-id165979933.jpg
UNASSIGNED,gs://rubberducks/ducksrubber/rubber-duck-vector-id468951808.jpg
UNASSIGNED,gs://rubberducks/ducksrubber/rubber-duck-vector-illustration-vector-id1146670231.jpg
UNASSIGNED,gs://rubberducks/ducksrubber/rubber-duck-with-ducklings-vector-vector-id505941310.jpg
UNASSIGNED,gs://rubberducks/ducksrubber/rubber-duck-with-toys-on-blue-background-picture-id763281223.jpg
UNASSIGNED,gs://rubberducks/ducksrubber/rubber-duckie-on-blue-background-picture-id1222826625.jpg
UNASSIGNED,gs://rubberducks/ducksrubber/rubber-duckie-on-yellow-background-picture-id1219405324.jpg
UNASSIGNED,gs://rubberducks/ducksrubber/rubber-duckies-picture-id182458351.jpg
UNASSIGNED,gs://rubberducks/ducksrubber/rubber-duckling-in-a-different-angle-of-view-picture-id118367443.jpg
UNASSIGNED,gs://rubberducks/ducksrubber/rubber-ducks-arranged-on-white-background-picture-id1147055943.jpg
UNASSIGNED,gs://rubberducks/ducksrubber/rubber-ducks-in-the-bath-vector-id867153332.jpg
UNASSIGNED,gs://rubberducks/ducksrubber/rubber-ducks-on-yellow-background-individuality-ideas-picture-id967113060.jpg
UNASSIGNED,gs://rubberducks/ducksrubber/rubber-ducks-picture-id471880677.jpg
UNASSIGNED,gs://rubberducks/ducksrubber/rubber-ducks-vector-id867153330.jpg
UNASSIGNED,gs://rubberducks/ducksrubber/rubber-ducky-picture-id172934476.jpg
UNASSIGNED,gs://rubberducks/ducksrubber/scuba-rubber-duck-picture-id175455758.jpg
UNASSIGNED,gs://rubberducks/ducksrubber/seamless-pattern-rubber-ducks-on-a-blue-background-picture-id1160794986.jpg
UNASSIGNED,gs://rubberducks/ducksrubber/seamless-pattern-with-yellow-duck-vector-id1127302793.jpg
UNASSIGNED,gs://rubberducks/ducksrubber/singled-out-plastic-yellow-and-black-duck-standing-out-from-the-crowd-picture-id680764588.jpg
UNASSIGNED,gs://rubberducks/ducksrubber/singled-out-plastic-yellow-and-black-duck-standing-out-from-the-crowd-picture-id680764590.jpg
UNASSIGNED,gs://rubberducks/ducksrubber/small-yellow-rubber-ducks-in-pigeon-holes-one-blue-duck-picture-id610425298.jpg
UNASSIGNED,gs://rubberducks/ducksrubber/toy-rubber-duck-picture-id71533427.jpg
UNASSIGNED,gs://rubberducks/ducksrubber/toy-rubber-duck-vector-id1133580409.jpg
UNASSIGNED,gs://rubberducks/ducksrubber/two-yellow-rubber-ducks-picture-id1084949132.jpg
UNASSIGNED,gs://rubberducks/ducksrubber/vector-illustration-of-a-rubber-duck-vector-id164316030.jpg
UNASSIGNED,gs://rubberducks/ducksrubber/water-damage-caused-by-defective-washing-machine-and-rubber-ducks-picture-id482694353.jpg
UNASSIGNED,gs://rubberducks/ducksrubber/water-off-a-ducks-back-duck-drowned-picture-id475715618.jpg
UNASSIGNED,gs://rubberducks/ducksrubber/yellow-duck-icon-vector-id1127302688.jpg
UNASSIGNED,gs://rubberducks/ducksrubber/yellow-duckie-picture-id172146864.jpg
UNASSIGNED,gs://rubberducks/ducksrubber/yellow-ducks-in-studio-shot-picture-id130900098.jpg
UNASSIGNED,gs://rubberducks/ducksrubber/yellow-plastic-duck-picture-id648791224.jpg
UNASSIGNED,gs://rubberducks/ducksrubber/yellow-rubber-duck-bath-toy-with-orange-beak-picture-id171574788.jpg
UNASSIGNED,gs://rubberducks/ducksrubber/yellow-rubber-duck-cartoon-cute-ducky-for-bath-duckling-with-diving-vector-id1003133130.jpg
UNASSIGNED,gs://rubberducks/ducksrubber/yellow-rubber-duck-covered-in-bubbles-picture-id522819359.jpg
UNASSIGNED,gs://rubberducks/ducksrubber/yellow-rubber-duck-for-bath-time-picture-id185590965.jpg
UNASSIGNED,gs://rubberducks/ducksrubber/yellow-rubber-duck-on-white-background-photo-with-clipping-path-picture-id1057049484.jpg
UNASSIGNED,gs://rubberducks/ducksrubber/yellow-rubber-duck-on-yellow-background-minimal-design-picture-id599868380.jpg
UNASSIGNED,gs://rubberducks/ducksrubber/yellow-rubber-duck-picture-id179079104.jpg
UNASSIGNED,gs://rubberducks/ducksrubber/yellow-rubber-duck-picture-id179212967.jpg
UNASSIGNED,gs://rubberducks/ducksrubber/yellow-rubber-duck-picture-id506034090.jpg
UNASSIGNED,gs://rubberducks/ducksrubber/yellow-rubber-duck-picture-id91114183.jpg
UNASSIGNED,gs://rubberducks/ducksrubber/yellow-rubber-duck-toy-floating-in-sea-water-beautiful-sunrise-picture-id1124342682.jpg
UNASSIGNED,gs://rubberducks/ducksrubber/yellow-rubber-duck-with-mohawk-on-blue-background-summer-minimal-picture-id1147536059.jpg
UNASSIGNED,gs://rubberducks/ducksrubber/yellow-rubber-ducks-in-a-line-on-colored-background-picture-id1297613500.jpg
UNASSIGNED,gs://rubberducks/ducksrubber/yellow-rubber-or-plastic-duck-toy-for-bath-vector-id1136859944.jpg
UNASSIGNED,gs://rubberducks/ducksrubber/yellow-toy-duck-icon-vector-id1153802659.jpg
UNASSIGNED,gs://rubberducks/ducksrubber/yellow-toy-duck-picture-id882092116.jpg
